date,channel,topic,summary,resolved
2025-09-15,chat,USDC Deposit,Customer asked which blockchain network is ideal for transferring USDC,yes
2025-09-22,phone,Gas Fee,Network fee calculation error when sending USDC was fixed,yes
2025-10-01,chat,Crypto Yields,Customer asked for an explanation about the APY for holding USDC in the account,yes
2025-10-12,chat,Withdrawal to Wallet,Customer validated the transaction hash of a withdrawal to an external wallet,yes
2025-10-25,email,Blockchain Network,Customer requested support to recover USDC sent via an incompatible network,yes




